{
  "total_contraction_sequences": 357,
  "total_contraction_alerts": 367,
  "avg_contraction_alerts_per_seq": 1.0280112044817926,
  "contraction_to_pre_alert_rate": 40.33613445378151,
  "contraction_to_trade_rate": 24.649859943977592,
  "total_pre_alert_sequences": 147,
  "total_pre_alerts": 570,
  "avg_pre_alerts_per_seq": 3.877551020408163,
  "pre_alert_to_trade_rate": 21.08843537414966,
  "total_trades": 108,
  "trades_with_contraction_alert": 88,
  "trades_with_pre_alert": 31,
  "trades_with_both_alerts": 28,
  "trades_with_no_alerts": 17,
  "win_rate_with_contraction_alert": 68.18181818181817,
  "win_rate_with_pre_alert": 74.19354838709677,
  "win_rate_with_both": 71.42857142857143,
  "win_rate_with_none": 70.58823529411765,
  "avg_days_contraction_to_trade": 8.488636363636363,
  "avg_days_pre_alert_to_trade": 5.741935483870968,
  "profit_factor": 1.8341697695819361,
  "total_return_pct": 250.5593871842296
}